"ChEMBL ID";"Name";"Synonyms";"Type";"Max Phase";"Molecular Weight";"Targets";"Bioactivities";"AlogP";"Polar Surface Area";"HBA";"HBD";"#RO5 Violations";"#Rotatable Bonds";"Passes Ro3";"QED Weighted";"CX Acidic pKa";"CX Basic pKa";"CX LogP";"CX LogD";"Aromatic Rings";"Structure Type";"Inorganic Flag";"Heavy Atoms";"HBA (Lipinski)";"HBD (Lipinski)";"#RO5 Violations (Lipinski)";"Molecular Weight (Monoisotopic)";"Molecular Species";"Molecular Formula";"Smiles";"Inchi Key"
"CHEMBL364773";"";"";"Small molecule";"0";"511.66";"1";"1";"3.36";"130.75";"5";"4";"1";"12";"N";"0.35";"12.55";"None";"3.98";"3.98";"2";"MOL";"-1";"37";"8";"5";"1";"511.3046";"NEUTRAL";"C29H41N3O5";"CC(C)C(NC(=O)[C@H](Cc1ccccc1)C[C@H](O)C(Cc1ccccc1)NC(=O)OC(C)(C)C)C(N)=O";"HVYMUGCBVZIYRG-FLDHPHKDSA-N"
"CHEMBL3143749";"";"";"Small molecule";"0";"753.94";"1";"1";"3.16";"201.26";"9";"6";"2";"21";"N";"0.10";"12.04";"None";"4.19";"4.19";"2";"MOL";"-1";"54";"14";"6";"3";"753.4313";"NEUTRAL";"C40H59N5O9";"CCC[C@H](C[C@H](O)[C@H](Cc1ccccc1)NC(=O)[C@H](C)NC(=O)[C@H](C)NC(=O)OCc1ccccc1)C(=O)N[C@H](C(=O)N[C@H](C(=O)OC)C(C)C)C(C)C";"GIAFMJHKTOLTOT-PHWOEFBHSA-N"
"CHEMBL223824";"MOZENAVIR";"DMP-450|MOZENAVIR|Mozenavir";"Small molecule";"0";"536.68";"10";"37";"4.23";"116.05";"5";"4";"1";"8";"N";"0.25";"13.23";"4.44";"4.04";"4.04";"4";"MOL";"0";"40";"7";"6";"2";"536.2787";"NEUTRAL";"C33H36N4O3";"Nc1cccc(CN2C(=O)N(Cc3cccc(N)c3)[C@H](Cc3ccccc3)[C@H](O)[C@@H](O)[C@H]2Cc2ccccc2)c1";"KYRSNWPSSXSNEP-ZRTHHSRSSA-N"
"CHEMBL1163";"ATAZANAVIR";"ATAZANAVIR|Atazanavir|BMS-232632|CGP-73547|REYATAZ";"Small molecule";"4";"704.87";"44";"794";"4.21";"171.22";"9";"5";"1";"14";"N";"0.15";"11.92";"4.42";"4.54";"4.54";"3";"MOL";"0";"51";"13";"5";"2";"704.3897";"NEUTRAL";"C38H52N6O7";"COC(=O)N[C@H](C(=O)N[C@@H](Cc1ccccc1)[C@@H](O)CN(Cc1ccc(-c2ccccn2)cc1)NC(=O)[C@@H](NC(=O)OC)C(C)(C)C)C(C)(C)C";"AXRYRYVKAWYZBR-GASGPIRDSA-N"
"CHEMBL115";"INDINAVIR";"CRIXIVAN|Crixivan|INDINAVIR|INDINAVIR ANHYDROUS|INDINAVIR MONOHYDRATE|INDINAVIR SYSTEM SUITABILITY|Indinavir|L-735524|MK-639";"Small molecule";"4";"613.80";"159";"1331";"2.87";"118.03";"7";"4";"1";"11";"N";"0.26";"13.01";"6.76";"2.81";"2.72";"3";"MOL";"0";"45";"9";"4";"1";"613.3628";"NEUTRAL";"C36H47N5O4";"CC(C)(C)NC(=O)[C@@H]1CN(Cc2cccnc2)CCN1C[C@@H](O)C[C@@H](Cc1ccccc1)C(=O)N[C@H]1c2ccccc2C[C@H]1O";"CBVCZFGXHXORBI-PXQQMZJSSA-N"
"CHEMBL1205";"NELFINAVIR MESYLATE";"AG-1343|AG1343|NELFINAVIR MESILATE|NELFINAVIR MESYLATE|NELFINAVIR METHANESULFONATE|NELFINAVIRI MESILAS|Viracept";"Small molecule";"4";"663.90";"49";"188";"4.75";"101.90";"6";"4";"1";"9";"N";"0.33";"9.32";"8.18";"4.72";"4.09";"2";"MOL";"0";"40";"7";"4";"1";"567.3131";"NEUTRAL";"C33H49N3O7S2";"CS(=O)(=O)O.Cc1c(O)cccc1C(=O)N[C@@H](CSc1ccccc1)[C@H](O)CN1C[C@H]2CCCC[C@H]2C[C@H]1C(=O)NC(C)(C)C";"NQHXCOAXSHGTIA-SKXNDZRYSA-N"
"CHEMBL282731";"CICHORIC ACID";"L-chicoric acid|cichoric acid";"Small molecule";"0";"474.37";"33";"92";"1.23";"208.12";"10";"6";"1";"9";"N";"0.17";"2.72";"None";"3.02";"-3.15";"2";"MOL";"-1";"34";"12";"6";"2";"474.0798";"ACID";"C22H18O12";"O=C(/C=C/c1ccc(O)c(O)c1)O[C@@H](C(=O)O)[C@@H](OC(=O)/C=C/c1ccc(O)c(O)c1)C(=O)O";"YDDGKXBLOXEEMN-IABMMNSOSA-N"
"CHEMBL2106751";"FOSAMPRENAVIR SODIUM";"FOSAMPRENAVIR SODIUM|GW 433908A|GW-433908A";"Small molecule";"0";"629.58";"";"";"2.52";"177.72";"8";"4";"1";"13";"N";"0.20";"1.22";"2.45";"1.92";"-1.20";"2";"MOL";"0";"39";"12";"5";"2";"585.1910";"ACID";"C25H34N3Na2O9PS";"CC(C)CN(C[C@@H](OP(=O)([O-])[O-])[C@H](Cc1ccccc1)NC(=O)O[C@H]1CCOC1)S(=O)(=O)c1ccc(N)cc1.[Na+].[Na+]";"FZMGUXZZROZJIT-KMIZVRHLSA-L"
"CHEMBL222559";"TIPRANAVIR";"Aptivus|TIPRANAVIR|Tipranavir|U-140690";"Small molecule";"4";"602.68";"30";"210";"7.33";"105.59";"6";"2";"2";"11";"N";"0.22";"4.43";"None";"7.14";"3.45";"3";"MOL";"0";"42";"7";"2";"2";"602.2062";"ACID";"C31H33F3N2O5S";"CCC[C@@]1(CCc2ccccc2)CC(O)=C([C@H](CC)c2cccc(NS(=O)(=O)c3ccc(C(F)(F)F)cn3)c2)C(=O)O1";"SUJUHGSWHZTSEU-FYBSXPHGSA-N"
"CHEMBL322241";"TELINAVIR";"NSC-670881|SC-52151|TELINAVIR";"Small molecule";"1";"604.75";"5";"6";"2.76";"166.75";"6";"5";"1";"13";"N";"0.20";"13.59";"1.51";"2.48";"2.48";"3";"MOL";"0";"44";"11";"6";"3";"604.3373";"NEUTRAL";"C33H44N6O5";"CC(C)CN(C[C@@H](O)[C@H](Cc1ccccc1)NC(=O)[C@H](CC(N)=O)NC(=O)c1ccc2ccccc2n1)C(=O)NC(C)(C)C";"ZILOOGIOHVCEKS-HZFUHODCSA-N"
"CHEMBL729";"LOPINAVIR";"A-157378-0|A-157378.0|ABT-378|ALUVIRAN|KOLETRA|Kaletra|LOPINAVIR|LOPINAVIR, (S-(2S,4S,5S))-|LOPINAVIR-|LOPINAVIRUM";"Small molecule";"4";"628.81";"67";"840";"4.33";"120.00";"5";"4";"1";"15";"N";"0.20";"13.39";"None";"4.69";"4.69";"3";"MOL";"0";"46";"9";"4";"1";"628.3625";"NEUTRAL";"C37H48N4O5";"Cc1cccc(C)c1OCC(=O)N[C@@H](Cc1ccccc1)[C@@H](O)C[C@H](Cc1ccccc1)NC(=O)[C@H](C(C)C)N1CCCNC1=O";"KJHKTHWMRKYKJE-SUGCFTRWSA-N"
"CHEMBL3989607";"DROXINAVIR HYDROCHLORIDE";"DROXINAVIR HCL|DROXINAVIR HYDROCHLORIDE|SC-55389A";"Small molecule";"0";"570.22";"";"";"2.68";"122.80";"5";"5";"1";"13";"N";"0.27";"12.55";"8.50";"2.67";"1.54";"1";"MOL";"0";"38";"9";"5";"1";"533.3941";"BASE";"C29H52ClN5O4";"CNCC(=O)N[C@H](C(=O)N[C@@H](Cc1ccccc1)[C@H](O)CN(CCC(C)C)C(=O)NC(C)(C)C)C(C)(C)C.Cl";"IYKXRORSPVZSHP-ZELIPEIJSA-N"
"CHEMBL3143747";"";"";"Small molecule";"0";"711.86";"1";"1";"2.13";"201.26";"9";"6";"2";"19";"N";"0.12";"11.99";"None";"2.76";"2.76";"2";"MOL";"-1";"51";"14";"6";"3";"711.3843";"NEUTRAL";"C37H53N5O9";"COC(=O)[C@@H](NC(=O)[C@@H](NC(=O)CC[C@H](O)[C@H](Cc1ccccc1)NC(=O)[C@H](C)NC(=O)[C@H](C)NC(=O)OCc1ccccc1)C(C)C)C(C)C";"QMXGQRYFXBJNBM-KTVGBRJCSA-N"
"CHEMBL282042";"SAQUINAVIR MESYLATE";"FORTOVASE|Invirase|RO 31-8959/003|RO-318959003|Ro-31-8959-003|SAQUINAVIR MESILATE|SAQUINAVIR MESYLATE|SAQUINAVIR METHANESULFONATE SALT";"Small molecule";"4";"766.96";"44";"105";"3.09";"166.75";"7";"5";"1";"12";"N";"0.20";"13.61";"8.47";"3.16";"2.05";"3";"MOL";"0";"49";"11";"6";"3";"670.3843";"NEUTRAL";"C39H54N6O8S";"CC(C)(C)NC(=O)[C@@H]1C[C@@H]2CCCC[C@@H]2CN1C[C@@H](O)[C@H](Cc1ccccc1)NC(=O)[C@H](CC(N)=O)NC(=O)c1ccc2ccccc2n1.CS(=O)(=O)O";"IRHXGOXEBNJUSN-YOXDLBRISA-N"
"CHEMBL3143748";"";"";"Small molecule";"0";"725.88";"1";"1";"2.38";"201.26";"9";"6";"2";"19";"N";"0.12";"12.01";"None";"3.30";"3.30";"2";"MOL";"-1";"52";"14";"6";"3";"725.4000";"NEUTRAL";"C38H55N5O9";"COC(=O)[C@@H](NC(=O)[C@@H](NC(=O)[C@H](C)C[C@H](O)[C@H](Cc1ccccc1)NC(=O)[C@H](C)NC(=O)[C@H](C)NC(=O)OCc1ccccc1)C(C)C)C(C)C";"IKULWCUDELLUHH-IMQJLJGQSA-N"
"CHEMBL2103936";"TIPRANAVIR DISODIUM";"PNU-140690E|TIPRANAVIR DISODIUM|TIPRANAVIR SODIUM";"Small molecule";"0";"646.64";"";"";"7.33";"105.59";"6";"2";"2";"11";"N";"0.22";"4.43";"None";"7.14";"3.45";"3";"MOL";"0";"42";"7";"2";"2";"602.2062";"ACID";"C31H31F3N2Na2O5S";"CCC[C@@]1(CCc2ccccc2)CC([O-])=C([C@H](CC)c2cccc([N-]S(=O)(=O)c3ccc(C(F)(F)F)cn3)c2)C(=O)O1.[Na+].[Na+]";"ZBWMQTUSVWBMQE-KPHXKKTMSA-M"
"CHEMBL1735";"INDINAVIR SULFATE";"Crixivan|INDINAVIR SULFATE|INDINAVIR SULFATE ETHANOLATE|INDINAVIR SULPHATE|INDINAVIRI SULFAS|L-735,524|L-735524|MK-639|NSC-697197";"Small molecule";"4";"711.88";"22";"49";"2.87";"118.03";"7";"4";"1";"11";"N";"0.26";"13.01";"6.76";"2.81";"2.72";"3";"MOL";"0";"45";"9";"4";"1";"613.3628";"NEUTRAL";"C36H49N5O8S";"CC(C)(C)NC(=O)[C@@H]1CN(Cc2cccnc2)CCN1C[C@@H](O)C[C@@H](Cc1ccccc1)C(=O)N[C@H]1c2ccccc2C[C@H]1O.O=S(=O)(O)O";"NUBQKPWHXMGDLP-BDEHJDMKSA-N"
"CHEMBL144613";"";"";"Small molecule";"0";"361.35";"2";"5";"1.00";"158.07";"6";"4";"0";"3";"N";"0.59";"-2.75";"None";"0.26";"-4.55";"2";"MOL";"-1";"23";"9";"4";"0";"360.9926";"ACID";"C12H11NO8S2";"CC(=O)Nc1cc(S(=O)(=O)O)cc2cc(S(=O)(=O)O)cc(O)c12";"DACUJXBUANTBKE-UHFFFAOYSA-N"
"CHEMBL189134";"";"";"Small molecule";"0";"477.65";"1";"1";"3.16";"130.75";"5";"4";"0";"12";"N";"0.37";"12.60";"None";"3.58";"3.58";"1";"MOL";"-1";"34";"8";"5";"0";"477.3203";"NEUTRAL";"C26H43N3O5";"CC(C)C[C@H](C[C@H](O)C(Cc1ccccc1)NC(=O)OC(C)(C)C)C(=O)NC(C(N)=O)C(C)C";"YRVCUCHXJNOQRM-AEAFLJPSSA-N"
"CHEMBL1200678";"ATAZANAVIR SULFATE";"ATAZANAVIR SO4|ATAZANAVIR SULFATE|ATAZANAVIR SULPHATE|ATAZANAVIRI SULFAS|ATAZOR|BMS-232632-05|NSC-742546|Reyataz";"Small molecule";"4";"802.95";"2";"4";"4.21";"171.22";"9";"5";"1";"14";"N";"0.15";"11.92";"4.42";"4.54";"4.54";"3";"MOL";"0";"51";"13";"5";"2";"704.3897";"NEUTRAL";"C38H54N6O11S";"COC(=O)N[C@H](C(=O)N[C@@H](Cc1ccccc1)[C@@H](O)CN(Cc1ccc(-c2ccccn2)cc1)NC(=O)[C@@H](NC(=O)OC)C(C)(C)C)C(C)(C)C.O=S(=O)(O)O";"DQSGVVGOPRWTKI-QVFAWCHISA-N"
"CHEMBL3990346";"DROXINAVIR";"DROXINAVIR";"Small molecule";"0";"533.76";"";"";"2.68";"122.80";"5";"5";"1";"13";"N";"0.27";"12.55";"8.50";"2.67";"1.54";"1";"MOL";"0";"38";"9";"5";"1";"533.3941";"BASE";"C29H51N5O4";"CNCC(=O)N[C@H](C(=O)N[C@@H](Cc1ccccc1)[C@H](O)CN(CCC(C)C)C(=O)NC(C)(C)C)C(C)(C)C";"ICOKEKQSBZSLIB-JBRSBNLGSA-N"
"CHEMBL3143754";"";"";"Small molecule";"0";"619.80";"1";"1";"1.19";"188.95";"8";"6";"2";"18";"N";"0.13";"12.11";"8.09";"2.03";"1.26";"1";"MOL";"-1";"44";"12";"7";"3";"619.3945";"NEUTRAL";"C32H53N5O7";"CCC[C@H](C[C@H](O)[C@H](Cc1ccccc1)NC(=O)[C@H](C)NC(=O)[C@H](C)N)C(=O)N[C@H](C(=O)N[C@H](C(=O)OC)C(C)C)C(C)C";"MDMVWWLIGBBRCD-DCOGFLBUSA-N"
"CHEMBL188203";"";"";"Small molecule";"0";"730.90";"1";"1";"4.09";"172.16";"8";"5";"1";"19";"N";"0.11";"12.20";"None";"5.42";"5.42";"3";"MOL";"-1";"53";"12";"5";"2";"730.3942";"NEUTRAL";"C41H54N4O8";"COC(=O)C(NC(=O)C(NC(=O)[C@H](Cc1ccccc1)C[C@H](O)C(Cc1ccccc1)NC(=O)C(C)NC(=O)OCc1ccccc1)C(C)C)C(C)C";"YBWAJXBCPYCNKK-XZLIQMHSSA-N"
"CHEMBL1323";"DARUNAVIR";"DARUNAVIR|MC-114|PREZISTA|TMC 114|TMC-114|TMC-41629|TMC114|UIC-94017|UIC-940T";"Small molecule";"4";"547.67";"29";"655";"2.38";"140.42";"8";"3";"1";"11";"N";"0.36";"13.59";"2.39";"2.82";"2.82";"2";"MOL";"0";"38";"10";"4";"1";"547.2352";"NEUTRAL";"C27H37N3O7S";"CC(C)CN(C[C@@H](O)[C@H](Cc1ccccc1)NC(=O)O[C@H]1CO[C@H]2OCC[C@@H]12)S(=O)(=O)c1ccc(N)cc1";"CJBJHOAVZSMMDJ-HEXNFIEUSA-N"
"CHEMBL427340";"";"";"Small molecule";"0";"568.72";"1";"1";"2.82";"159.85";"6";"5";"1";"16";"N";"0.21";"12.74";"None";"3.42";"3.42";"2";"MOL";"-1";"41";"10";"6";"2";"568.3261";"NEUTRAL";"C31H44N4O6";"CCC[C@H](C[C@H](O)C(Cc1ccccc1)NC(=O)C(C)NC(=O)OCc1ccccc1)C(=O)NC(C(N)=O)C(C)C";"LVNIPNSGVDFGFP-AMDLXHSDSA-N"
"CHEMBL187379";"";"";"Small molecule";"0";"616.76";"1";"1";"3.26";"159.85";"6";"5";"1";"16";"N";"0.17";"12.69";"None";"4.11";"4.11";"3";"MOL";"-1";"45";"10";"6";"2";"616.3261";"NEUTRAL";"C35H44N4O6";"CC(NC(=O)OCc1ccccc1)C(=O)NC(Cc1ccccc1)[C@@H](O)C[C@@H](Cc1ccccc1)C(=O)NC(C(N)=O)C(C)C";"KHDJJHQOPWRTEH-VHZOPTPUSA-N"
"CHEMBL188255";"";"";"Small molecule";"0";"654.81";"1";"1";"2.87";"172.16";"8";"5";"1";"17";"N";"0.16";"12.20";"None";"3.84";"3.84";"2";"MOL";"-1";"47";"12";"5";"2";"654.3629";"NEUTRAL";"C35H50N4O8";"COC(=O)C(NC(=O)C(NC(=O)[C@H](C)C[C@H](O)C(Cc1ccccc1)NC(=O)C(C)NC(=O)OCc1ccccc1)C(C)C)C(C)C";"OXOWOCPFNWAZKE-QUWILOPLSA-N"
"CHEMBL114";"SAQUINAVIR";"Fortovase|Invirase|RO 31-8959/000|Ro-31-8959|SAQUINAVIR|SAQUINAVIRUM|SCH-52852";"Small molecule";"4";"670.86";"195";"1422";"3.09";"166.75";"7";"5";"1";"12";"N";"0.20";"13.61";"8.47";"3.16";"2.05";"3";"MOL";"0";"49";"11";"6";"3";"670.3843";"NEUTRAL";"C38H50N6O5";"CC(C)(C)NC(=O)[C@@H]1C[C@@H]2CCCC[C@@H]2CN1C[C@@H](O)[C@H](Cc1ccccc1)NC(=O)[C@H](CC(N)=O)NC(=O)c1ccc2ccccc2n1";"QWAXKHKRTORLEM-UGJKXSETSA-N"
"CHEMBL359891";"";"";"Small molecule";"0";"640.78";"1";"1";"2.62";"172.16";"8";"5";"1";"17";"N";"0.16";"12.18";"None";"3.29";"3.29";"2";"MOL";"-1";"46";"12";"5";"2";"640.3472";"NEUTRAL";"C34H48N4O8";"COC(=O)C(NC(=O)C(NC(=O)CC[C@H](O)C(Cc1ccccc1)NC(=O)C(C)NC(=O)OCc1ccccc1)C(C)C)C(C)C";"UXNIFTCWMPGHCU-KPNLZTBISA-N"
"CHEMBL186052";"";"";"Small molecule";"0";"696.89";"1";"1";"3.90";"172.16";"8";"5";"1";"19";"N";"0.14";"12.28";"None";"5.01";"5.01";"2";"MOL";"-1";"50";"12";"5";"2";"696.4098";"NEUTRAL";"C38H56N4O8";"COC(=O)C(NC(=O)C(NC(=O)[C@H](CC(C)C)C[C@H](O)C(Cc1ccccc1)NC(=O)C(C)NC(=O)OCc1ccccc1)C(C)C)C(C)C";"YVENLASUPXUYFI-PJPJFBHBSA-N"
"CHEMBL186528";"";"";"Small molecule";"0";"463.62";"1";"1";"2.92";"130.75";"5";"4";"0";"12";"N";"0.38";"12.56";"None";"3.29";"3.29";"1";"MOL";"-1";"33";"8";"5";"0";"463.3046";"NEUTRAL";"C25H41N3O5";"CCC[C@H](C[C@H](O)C(Cc1ccccc1)NC(=O)OC(C)(C)C)C(=O)NC(C(N)=O)C(C)C";"VPHKWUISYSWPPF-OSIBBQKWSA-N"
"CHEMBL187249";"";"";"Small molecule";"0";"540.66";"1";"1";"2.04";"159.85";"6";"5";"1";"14";"N";"0.25";"12.69";"None";"2.53";"2.53";"2";"MOL";"-1";"39";"10";"6";"2";"540.2948";"NEUTRAL";"C29H40N4O6";"CC(NC(=O)OCc1ccccc1)C(=O)NC(Cc1ccccc1)[C@@H](O)C[C@@H](C)C(=O)NC(C(N)=O)C(C)C";"GFBIHUKLZZRSGS-JXZWHPKUSA-N"
"CHEMBL2104331";"LASINAVIR";"BMS-234475|CGP-61755|LASINAVIR";"Small molecule";"0";"659.82";"";"";"3.66";"153.68";"9";"4";"1";"18";"N";"0.18";"12.32";"None";"3.68";"3.68";"2";"MOL";"0";"47";"12";"4";"2";"659.3782";"NEUTRAL";"C35H53N3O9";"COCCNC(=O)[C@@H](NC(=O)[C@H](Cc1ccc(OC)c(OC)c1OC)C[C@H](O)[C@H](Cc1ccccc1)NC(=O)OC(C)(C)C)C(C)C";"BEUUJDAEPJZWHM-COROXYKFSA-N"
"CHEMBL304266";"";"";"Small molecule";"0";"340.42";"7";"10";"4.16";"80.92";"4";"4";"0";"0";"N";"0.54";"9.17";"None";"4.71";"4.70";"2";"MOL";"-1";"25";"4";"4";"0";"340.1675";"NEUTRAL";"C21H24O4";"CC1(C)CC2(CC(C)(C)c3cc(O)c(O)cc32)c2cc(O)c(O)cc21";"POFMQEVZKZVAPQ-UHFFFAOYSA-N"
"CHEMBL188944";"";"";"Small molecule";"0";"435.57";"1";"1";"2.14";"130.75";"5";"4";"0";"10";"N";"0.45";"12.49";"None";"2.40";"2.40";"1";"MOL";"-1";"31";"8";"5";"0";"435.2733";"NEUTRAL";"C23H37N3O5";"CC(C)C(NC(=O)[C@H](C)C[C@H](O)C(Cc1ccccc1)NC(=O)OC(C)(C)C)C(N)=O";"PPPSLCWYJCGPKR-IZIZEDOESA-N"
"CHEMBL3143753";"";"";"Small molecule";"0";"801.98";"1";"1";"3.60";"201.26";"9";"6";"2";"21";"N";"0.09";"11.99";"None";"4.88";"4.88";"3";"MOL";"-1";"58";"14";"6";"3";"801.4313";"NEUTRAL";"C44H59N5O9";"COC(=O)[C@@H](NC(=O)[C@@H](NC(=O)[C@H](Cc1ccccc1)C[C@H](O)[C@H](Cc1ccccc1)NC(=O)[C@H](C)NC(=O)[C@H](C)NC(=O)OCc1ccccc1)C(C)C)C(C)C";"BOULRXFSMMLNQU-UZXKRCCTSA-N"
"CHEMBL1200734";"FOSAMPRENAVIR CALCIUM";"FOSAMPRENAVIR CALCIUM|FOSAMPRENAVIR CALCIUM SALT|GW 433908G|GW-433908G|Lexiva|TELZIR";"Small molecule";"4";"623.68";"1";"6";"2.52";"177.72";"8";"4";"1";"13";"N";"0.20";"1.22";"2.45";"1.92";"-1.20";"2";"MOL";"0";"39";"12";"5";"2";"585.1910";"ACID";"C25H34CaN3O9PS";"CC(C)CN(C[C@@H](OP(=O)([O-])[O-])[C@H](Cc1ccccc1)NC(=O)O[C@H]1CCOC1)S(=O)(=O)c1ccc(N)cc1.[Ca+2]";"PMDQGYMGQKTCSX-HQROKSDRSA-L"
"CHEMBL3143752";"";"";"Small molecule";"0";"767.97";"1";"1";"3.40";"201.26";"9";"6";"2";"21";"N";"0.10";"12.03";"None";"4.48";"4.48";"2";"MOL";"-1";"55";"14";"6";"3";"767.4469";"NEUTRAL";"C41H61N5O9";"COC(=O)[C@@H](NC(=O)[C@@H](NC(=O)[C@H](CC(C)C)C[C@H](O)[C@H](Cc1ccccc1)NC(=O)[C@H](C)NC(=O)[C@H](C)NC(=O)OCc1ccccc1)C(C)C)C(C)C";"MLGIRVRCUGJSDP-DZVVIPAHSA-N"
"CHEMBL3143750";"";"";"Small molecule";"0";"591.75";"1";"1";"0.41";"188.95";"8";"6";"2";"16";"N";"0.15";"12.08";"8.09";"1.14";"0.37";"1";"MOL";"-1";"42";"12";"7";"3";"591.3632";"NEUTRAL";"C30H49N5O7";"COC(=O)[C@@H](NC(=O)[C@@H](NC(=O)[C@H](C)C[C@H](O)[C@H](Cc1ccccc1)NC(=O)[C@H](C)NC(=O)[C@H](C)N)C(C)C)C(C)C";"HXXFUYMDUMTRPV-DQKLJIJWSA-N"
"CHEMBL49004";"";"";"Small molecule";"0";"577.72";"1";"2";"0.16";"188.95";"8";"6";"2";"16";"N";"0.15";"12.05";"8.09";"0.60";"-0.17";"1";"MOL";"-1";"41";"12";"7";"3";"577.3475";"NEUTRAL";"C29H47N5O7";"COC(=O)[C@@H](NC(=O)[C@@H](NC(=O)CC[C@H](O)[C@H](Cc1ccccc1)NC(=O)[C@H](C)NC(=O)[C@H](C)N)C(C)C)C(C)C";"IUDCAKKZLXFOQA-QJAPXLAMSA-N"
"CHEMBL1664";"FOSAMPRENAVIR";"FOSAMPRENAVIR|Fosamprenavir|GW-433908|GW433908|GW433908A";"Small molecule";"4";"585.62";"7";"32";"2.52";"177.72";"8";"4";"1";"13";"N";"0.20";"1.22";"2.45";"1.92";"-1.20";"2";"MOL";"0";"39";"12";"5";"2";"585.1910";"ACID";"C25H36N3O9PS";"CC(C)CN(C[C@@H](OP(=O)(O)O)[C@H](Cc1ccccc1)NC(=O)O[C@H]1CCOC1)S(=O)(=O)c1ccc(N)cc1";"MLBVMOWEQCZNCC-OEMFJLHTSA-N"
"CHEMBL116";"AMPRENAVIR";"141 W94|141W94|AMPRENAVIR|Agenerase|J05AE05|KVX-478|VX-478";"Small molecule";"4";"505.64";"147";"1199";"2.40";"131.19";"7";"3";"1";"11";"N";"0.40";"13.61";"2.39";"2.43";"2.43";"2";"MOL";"0";"35";"9";"4";"1";"505.2247";"NEUTRAL";"C25H35N3O6S";"CC(C)CN(C[C@@H](O)[C@H](Cc1ccccc1)NC(=O)O[C@H]1CCOC1)S(=O)(=O)c1ccc(N)cc1";"YMARZQAQMVYCKC-OEMFJLHTSA-N"
"CHEMBL363028";"";"";"Small molecule";"0";"682.86";"1";"1";"3.65";"172.16";"8";"5";"1";"19";"N";"0.14";"12.26";"None";"4.73";"4.73";"2";"MOL";"-1";"49";"12";"5";"2";"682.3942";"NEUTRAL";"C37H54N4O8";"CCC[C@H](C[C@H](O)C(Cc1ccccc1)NC(=O)C(C)NC(=O)OCc1ccccc1)C(=O)NC(C(=O)NC(C(=O)OC)C(C)C)C(C)C";"IFOCKTRSJOLRSQ-YXIGOYDGSA-N"
"CHEMBL163";"RITONAVIR";"A-84538|ABBOTT-84538|ABT-538|EMPETUS|NSC-693184|Norvir|RITOMUNE|RITONAVIR|RITONAVIR RELATED COMPOUNDS MIXTURE|RITONAVIRUM|RITOVIR|VIEKIRAX|VIRITON";"Small molecule";"4";"720.96";"200";"1444";"5.91";"145.78";"9";"4";"2";"17";"N";"0.11";"13.68";"2.84";"5.22";"5.22";"4";"MOL";"0";"50";"11";"4";"3";"720.3128";"NEUTRAL";"C37H48N6O5S2";"CC(C)c1nc(CN(C)C(=O)N[C@H](C(=O)N[C@@H](Cc2ccccc2)C[C@H](O)[C@H](Cc2ccccc2)NC(=O)OCc2cncs2)C(C)C)cs1";"NCDNCNXCDXHOMX-XGKFQTDJSA-N"
"CHEMBL185745";"";"";"Small molecule";"0";"526.63";"1";"1";"1.80";"159.85";"6";"5";"1";"14";"N";"0.25";"12.69";"None";"1.99";"1.99";"2";"MOL";"-1";"38";"10";"6";"2";"526.2791";"NEUTRAL";"C28H38N4O6";"CC(NC(=O)OCc1ccccc1)C(=O)NC(Cc1ccccc1)[C@@H](O)CCC(=O)NC(C(N)=O)C(C)C";"SBGAPFPCZWYYRZ-KQVFYFFLSA-N"
"CHEMBL1201127";"DARUNAVIR ETHANOLATE";"DARUNAVIR (AS ETHANOLATE)|DARUNAVIR ETHANOLATE|DARUNAVIR MONOETHANOLATE|Darunavir Ethanolate|Darunavir ethanolate|PREZISTA|REZOLSTA|TMC114 ETHANOLATE";"Small molecule";"4";"593.74";"2";"7";"2.38";"140.42";"8";"3";"1";"11";"N";"0.36";"13.59";"2.39";"2.82";"2.82";"2";"MOL";"0";"38";"10";"4";"1";"547.2352";"NEUTRAL";"C29H43N3O8S";"CC(C)CN(C[C@@H](O)[C@H](Cc1ccccc1)NC(=O)O[C@H]1CO[C@H]2OCC[C@@H]12)S(=O)(=O)c1ccc(N)cc1.CCO";"QWSHKNICRJHQCY-VBTXLZOXSA-N"
"CHEMBL13134";"PALINAVIR";"BILA 2011 BS|BILA-2011-BS|PALINAVIR";"Small molecule";"0";"708.90";"7";"20";"4.44";"145.78";"8";"4";"1";"14";"N";"0.15";"13.60";"7.60";"4.03";"3.62";"4";"MOL";"0";"52";"11";"4";"2";"708.3999";"NEUTRAL";"C41H52N6O5";"CC(C)[C@H](NC(=O)c1ccc2ccccc2n1)C(=O)N[C@@H](Cc1ccccc1)[C@H](O)CN1CC[C@@H](OCc2ccncc2)C[C@H]1C(=O)NC(C)(C)C";"RXBWRFDZXRAEJT-SZNOJMITSA-N"
"CHEMBL359790";"";"";"Small molecule";"0";"421.54";"1";"1";"1.89";"130.75";"5";"4";"0";"10";"N";"0.46";"12.49";"None";"1.86";"1.86";"1";"MOL";"-1";"30";"8";"5";"0";"421.2577";"NEUTRAL";"C22H35N3O5";"CC(C)C(NC(=O)CC[C@H](O)C(Cc1ccccc1)NC(=O)OC(C)(C)C)C(N)=O";"ANRSVAQZADUCGP-HFCFLWKCSA-N"
"CHEMBL188916";"";"";"Small molecule";"0";"582.74";"1";"1";"3.07";"159.85";"6";"5";"1";"16";"N";"0.20";"12.75";"None";"3.71";"3.71";"2";"MOL";"-1";"42";"10";"6";"2";"582.3417";"NEUTRAL";"C32H46N4O6";"CC(C)C[C@H](C[C@H](O)C(Cc1ccccc1)NC(=O)C(C)NC(=O)OCc1ccccc1)C(=O)NC(C(N)=O)C(C)C";"VOSUPDOPDSAAPZ-RXZHLATDSA-N"
"CHEMBL206031";"BRECANAVIR";"BRECANAVIR|GW-640385|GW-640385X|GW-64085X|GW640385|GW64085X";"Small molecule";"2";"703.84";"14";"76";"3.87";"154.98";"12";"2";"2";"14";"N";"0.25";"13.18";"2.60";"3.70";"3.70";"3";"MOL";"0";"48";"13";"2";"2";"703.2233";"NEUTRAL";"C33H41N3O10S2";"Cc1nc(COc2ccc(C[C@H](NC(=O)O[C@H]3CO[C@H]4OCC[C@@H]34)[C@H](O)CN(CC(C)C)S(=O)(=O)c3ccc4c(c3)OCO4)cc2)cs1";"JORVRJNILJXMMG-OLNQLETPSA-N"
"CHEMBL584";"NELFINAVIR";"NELFINAVIR|NSC-747167|Nelfinavir|Viracept";"Small molecule";"4";"567.80";"158";"922";"4.75";"101.90";"6";"4";"1";"9";"N";"0.33";"9.32";"8.18";"4.72";"4.09";"2";"MOL";"0";"40";"7";"4";"1";"567.3131";"NEUTRAL";"C32H45N3O4S";"Cc1c(O)cccc1C(=O)N[C@@H](CSc1ccccc1)[C@H](O)CN1C[C@H]2CCCC[C@H]2C[C@H]1C(=O)NC(C)(C)C";"QAGYKUNXZHXKMR-HKWSIXNMSA-N"
"CHEMBL3143751";"";"";"Small molecule";"0";"633.83";"1";"1";"1.43";"188.95";"8";"6";"2";"18";"N";"0.13";"12.10";"8.09";"2.31";"1.55";"1";"MOL";"-1";"45";"12";"7";"3";"633.4101";"NEUTRAL";"C33H55N5O7";"COC(=O)[C@@H](NC(=O)[C@@H](NC(=O)[C@H](CC(C)C)C[C@H](O)[C@H](Cc1ccccc1)NC(=O)[C@H](C)NC(=O)[C@H](C)N)C(C)C)C(C)C";"CDZSRMLOVAYORE-VCDYJHDZSA-N"
